<?xml version="1.0" encoding="UTF-8"?>
<project-private xmlns="http://www.netbeans.org/ns/project-private/1">
    <editor-bookmarks xmlns="http://www.netbeans.org/ns/editor-bookmarks/2" lastBookmarkId="0"/>
    <open-files xmlns="http://www.netbeans.org/ns/projectui-open-files/2">
        <group>
            <file>file:/C:/Users/Marcelino/Documents/NetBeansProjects/Javaextrapoo05/src/servicioentidades/ServicioMes.java</file>
            <file>file:/C:/Users/Marcelino/Documents/NetBeansProjects/Javaextrapoo05/src/entidades/Mes.java</file>
            <file>file:/C:/Users/Marcelino/Documents/NetBeansProjects/Javaextrapoo05/src/javaextrapoo05/Javaextrapoo05.java</file>
        </group>
    </open-files>
</project-private>
